User_ID,Age_Group,Occupation,Region,Google_Products_Used,Most_Used_Product,Usage_Frequency,Satisfaction_Score,Non_Adoption_Reason,Data_Source
U0001,25-34,Other,West,Google Search; YouTube; Gmail; Google Maps; Google Drive; Google Meet,Google Meet,Daily,5,Not aware of product,Synthetic
U0002,25-34,Student,North,Google Search; YouTube; Gmail; Google Chrome; Google Drive; Google Photos; Google Meet; Google Pay,Google Drive,Daily,3,Prefer competitor,Synthetic
U0003,55+,Other,West,Google Search; YouTube; Gmail; Google Maps; Google Chrome; Google Drive; Google Photos; Google Docs; Google Pay,YouTube,Daily,3,Don't need it,Synthetic
U0004,18-24,Healthcare Professional,East,Google Search; Gmail; Google Maps; Google Chrome; Google Drive; Google Pay,Gmail,Monthly,4,Prefer competitor,Synthetic
U0005,18-24,Student,North,Google Search; YouTube; Gmail; Google Maps; Google Chrome; Google Pay,Google Maps,Weekly,4,Prefer competitor,Synthetic
U0006,18-24,IT Professional,South,Google Search; YouTube; Google Maps; Google Chrome; Google Pay,Google Search,Weekly,3,Don't need it,Synthetic
U0007,18-24,Other,East,Google Search; YouTube; Gmail; Google Maps; Google Chrome; Google Drive,YouTube,Weekly,4,Difficult to use,Synthetic
U0008,35-44,Student,Central,Google Search; YouTube; Google Maps; Google Chrome; Google Drive; Google Photos; Google Pay,Google Maps,Daily,3,Prefer competitor,Synthetic
U0009,18-24,Other,South,Google Search; YouTube; Gmail; Google Drive; Google Photos; Google Meet; Google Docs; Google Pay,Google Search,Monthly,4,Prefer competitor,Synthetic
U0010,18-24,Business Owner,West,Google Search; YouTube; Gmail; Google Maps; Google Chrome; Google Drive; Google Photos; Google Docs,Google Drive,Daily,2,Privacy concerns,Synthetic
U0011,18-24,Student,North,Google Search; YouTube; Gmail; Google Maps; Google Chrome; Google Drive; Google Photos; Google Docs,Google Search,Weekly,5,Prefer competitor,Synthetic
U0012,25-34,Teacher,South,Google Search; Gmail; Google Maps; Google Photos; Google Docs; Google Pay,Google Maps,Weekly,5,Difficult to use,Synthetic
U0013,35-44,Business Owner,North,Google Search; YouTube; Gmail; Google Maps; Google Chrome; Google Photos; Google Meet; Google Pay,Google Pay,Monthly,3,Prefer competitor,Synthetic
U0014,25-34,Student,South,Google Search; YouTube; Gmail; Google Maps; Google Chrome; Google Drive; Google Photos; Google Pay,Google Pay,Daily,5,Don't need it,Synthetic
U0015,25-34,IT Professional,North,Google Search; YouTube; Gmail; Google Maps; Google Chrome; Google Docs; Google Pay,Google Chrome,Daily,5,Limited internet/device,Synthetic
U0016,45-54,IT Professional,South,Google Search; YouTube; Gmail; Google Maps; Google Drive; Google Photos; Google Meet,YouTube,Daily,4,Prefer competitor,Synthetic
U0017,45-54,Student,West,Google Search; YouTube; Gmail; Google Maps; Google Chrome; Google Drive; Google Photos; Google Docs; Google Pay,Gmail,Daily,4,Prefer competitor,Synthetic
U0018,25-34,Student,East,Google Search; YouTube; Gmail; Google Maps; Google Chrome; Google Photos; Google Meet; Google Docs,Google Maps,Monthly,4,Privacy concerns,Synthetic
U0019,18-24,IT Professional,West,Google Search; YouTube; Google Maps; Google Chrome; Google Drive; Google Photos; Google Docs; Google Pay,Google Photos,Weekly,4,Don't need it,Synthetic
U0020,18-24,Student,South,Google Search; YouTube; Gmail; Google Maps; Google Photos; Google Docs; Google Pay,Gmail,Weekly,1,Prefer competitor,Synthetic
U0021,18-24,Student,West,Google Search; YouTube; Gmail; Google Maps; Google Chrome; Google Drive; Google Photos; Google Meet; Google Pay,YouTube,Daily,1,Difficult to use,Synthetic
U0022,25-34,IT Professional,West,Google Search; Google Chrome; Google Docs,Google Docs,Monthly,4,Limited internet/device,Synthetic
U0023,45-54,Student,North,Google Search; YouTube; Gmail; Google Maps; Google Chrome; Google Drive; Google Meet; Google Pay,Google Maps,Weekly,4,Difficult to use,Synthetic
U0024,18-24,IT Professional,Central,Google Search; YouTube; Gmail; Google Maps; Google Chrome; Google Drive; Google Photos; Google Pay,Google Maps,Daily,5,Privacy concerns,Synthetic
U0025,18-24,Other,East,Google Search; YouTube; Google Maps; Google Chrome; Google Photos; Google Meet,Google Maps,Daily,2,Prefer competitor,Synthetic
U0026,25-34,Business Owner,North,Google Search; YouTube; Gmail; Google Photos; Google Pay,Google Photos,Weekly,5,Difficult to use,Synthetic
U0027,45-54,IT Professional,South,Google Search; YouTube; Gmail; Google Maps; Google Chrome; Google Drive; Google Docs,Google Chrome,Weekly,4,Prefer competitor,Synthetic
U0028,35-44,Business Owner,South,Google Search; YouTube; Gmail; Google Maps; Google Chrome; Google Drive; Google Photos; Google Meet; Google Pay,Google Pay,Daily,4,Difficult to use,Synthetic
U0029,18-24,Other,North,Google Search; YouTube; Google Maps; Google Drive; Google Photos; Google Pay,Google Pay,Daily,5,Not aware of product,Synthetic
U0030,25-34,Teacher,Central,Google Search; YouTube; Gmail; Google Maps; Google Chrome; Google Drive; Google Photos; Google Meet; Google Docs; Google Pay,Google Chrome,Monthly,5,No reason / Uses products,Synthetic
U0031,35-44,IT Professional,South,Google Search; YouTube; Gmail; Google Chrome; Google Docs,YouTube,Daily,3,Don't need it,Synthetic
U0032,35-44,IT Professional,Central,Google Search; YouTube; Gmail; Google Chrome; Google Drive; Google Photos; Google Meet; Google Docs; Google Pay,Google Search,Daily,5,Difficult to use,Synthetic
U0033,25-34,Teacher,West,Google Search; YouTube; Gmail; Google Maps; Google Chrome; Google Drive; Google Docs; Google Pay,Google Docs,Weekly,4,Privacy concerns,Synthetic
U0034,25-34,Healthcare Professional,East,Google Search; YouTube; Gmail; Google Maps; Google Chrome; Google Photos; Google Docs; Google Pay,Google Maps,Monthly,4,Not aware of product,Synthetic
U0035,25-34,Student,West,Google Search; YouTube; Google Maps; Google Chrome; Google Meet,Google Chrome,Daily,5,Don't need it,Synthetic
U0036,18-24,Business Owner,South,Google Search; YouTube; Gmail; Google Maps; Google Chrome; Google Photos; Google Meet; Google Pay,Google Chrome,Monthly,4,Prefer competitor,Synthetic
U0037,35-44,IT Professional,South,Google Search; YouTube; Gmail; Google Maps; Google Chrome; Google Drive; Google Photos; Google Meet; Google Docs; Google Pay,Google Drive,Daily,5,No reason / Uses products,Synthetic
U0038,45-54,Student,South,Google Search; YouTube; Gmail; Google Maps; Google Chrome; Google Drive; Google Photos; Google Meet; Google Docs,Google Meet,Daily,4,Privacy concerns,Synthetic
U0039,35-44,Student,Central,Google Search; YouTube; Gmail; Google Maps; Google Chrome; Google Drive; Google Meet; Google Docs; Google Pay,Google Maps,Daily,4,Not aware of product,Synthetic
U0040,25-34,Business Owner,West,Google Search; YouTube; Gmail; Google Maps; Google Chrome; Google Photos; Google Meet; Google Pay,Google Search,Daily,3,Prefer competitor,Synthetic
U0041,18-24,Student,North,Google Search; YouTube; Google Maps; Google Chrome; Google Drive; Google Meet; Google Docs,Google Chrome,Daily,5,Don't need it,Synthetic
U0042,35-44,Healthcare Professional,West,Google Search; YouTube; Gmail; Google Maps; Google Photos; Google Pay,Google Pay,Daily,4,Prefer competitor,Synthetic
U0043,25-34,IT Professional,North,Google Search; YouTube; Gmail; Google Chrome; Google Photos; Google Pay,Google Pay,Daily,4,Difficult to use,Synthetic
U0044,45-54,Other,North,Google Search; Gmail; Google Maps; Google Chrome; Google Drive; Google Meet; Google Pay,Google Meet,Monthly,3,Prefer competitor,Synthetic
U0045,25-34,Other,South,Google Search; YouTube; Gmail; Google Maps; Google Drive; Google Photos; Google Meet; Google Pay,Google Meet,Daily,4,Difficult to use,Synthetic
U0046,25-34,Student,Central,Google Search; YouTube; Gmail; Google Chrome; Google Drive; Google Docs; Google Pay,Google Drive,Weekly,3,Prefer competitor,Synthetic
U0047,35-44,IT Professional,West,Google Search; YouTube; Gmail; Google Maps; Google Chrome; Google Drive; Google Photos; Google Meet; Google Docs,Gmail,Weekly,4,Prefer competitor,Synthetic
U0048,18-24,Student,Central,Google Search; YouTube; Gmail; Google Chrome; Google Drive; Google Photos; Google Docs,Google Chrome,Daily,5,Privacy concerns,Synthetic
U0049,18-24,Business Owner,West,Google Search; YouTube; Gmail; Google Maps; Google Chrome; Google Photos; Google Meet; Google Docs; Google Pay,Google Meet,Monthly,5,Don't need it,Synthetic
U0050,25-34,IT Professional,North,Google Search; YouTube; Gmail; Google Maps; Google Chrome; Google Drive; Google Meet; Google Docs,Google Search,Daily,2,Difficult to use,Synthetic
U0051,18-24,Business Owner,North,Google Search; YouTube; Gmail; Google Maps; Google Chrome; Google Drive; Google Photos; Google Docs; Google Pay,Google Drive,Daily,5,Don't need it,Synthetic
U0052,25-34,Student,West,Google Search; YouTube; Gmail; Google Maps; Google Chrome; Google Drive; Google Photos; Google Meet; Google Pay,YouTube,Daily,4,Don't need it,Synthetic
U0053,35-44,Student,South,Google Search; YouTube; Gmail; Google Chrome; Google Pay,Google Search,Daily,3,Not aware of product,Synthetic
U0054,18-24,Student,West,Google Search; YouTube; Gmail; Google Maps; Google Chrome; Google Docs; Google Pay,Google Chrome,Daily,4,Prefer competitor,Synthetic
U0055,25-34,Teacher,West,Google Search; YouTube; Gmail; Google Maps; Google Drive; Google Photos; Google Docs; Google Pay,Google Maps,Weekly,4,Don't need it,Synthetic
U0056,25-34,IT Professional,Central,Google Search; YouTube; Google Maps; Google Chrome; Google Photos; Google Meet; Google Docs; Google Pay,Google Photos,Daily,3,Not aware of product,Synthetic
U0057,25-34,Student,Central,Google Search; YouTube; Gmail; Google Maps; Google Chrome; Google Drive; Google Photos; Google Meet; Google Docs,Google Chrome,Daily,3,Difficult to use,Synthetic
U0058,45-54,Business Owner,East,Google Search; YouTube; Google Maps; Google Chrome; Google Drive; Google Photos; Google Meet; Google Pay,Google Chrome,Weekly,2,Privacy concerns,Synthetic
U0059,25-34,Other,West,Google Search; Gmail; Google Chrome; Google Drive; Google Photos; Google Meet; Google Docs,Google Search,Daily,4,Don't need it,Synthetic
U0060,35-44,Student,North,Google Search; YouTube; Gmail; Google Maps; Google Chrome; Google Docs; Google Pay,Gmail,Daily,5,Limited internet/device,Synthetic
U0061,35-44,Teacher,East,Google Search; Gmail; Google Maps; Google Chrome; Google Photos; Google Pay,Google Maps,Monthly,5,Prefer competitor,Synthetic
U0062,35-44,Other,North,Google Search; Gmail; Google Maps; Google Chrome; Google Docs,Google Maps,Daily,5,Prefer competitor,Synthetic
U0063,25-34,Student,North,Google Search; YouTube; Gmail; Google Maps; Google Chrome; Google Drive; Google Photos; Google Docs; Google Pay,YouTube,Daily,5,Prefer competitor,Synthetic
U0064,45-54,IT Professional,Central,Google Search; Gmail; Google Maps; Google Chrome; Google Drive; Google Photos,Google Search,Daily,4,Not aware of product,Synthetic
U0065,18-24,IT Professional,South,Google Search; YouTube; Gmail; Google Maps; Google Drive; Google Photos; Google Meet; Google Docs,Google Drive,Weekly,2,Don't need it,Synthetic
U0066,45-54,Other,East,Google Search; YouTube; Google Maps; Google Photos; Google Meet; Google Docs; Google Pay,YouTube,Daily,5,Privacy concerns,Synthetic
U0067,35-44,Business Owner,North,Google Search; YouTube; Gmail; Google Maps; Google Chrome; Google Drive; Google Docs; Google Pay,Google Chrome,Daily,4,Don't need it,Synthetic
U0068,18-24,Healthcare Professional,South,Google Search; YouTube; Google Chrome; Google Photos; Google Meet; Google Docs; Google Pay,Google Chrome,Weekly,4,Prefer competitor,Synthetic
U0069,18-24,Business Owner,North,Google Search; YouTube; Gmail; Google Maps; Google Chrome; Google Drive; Google Docs,Gmail,Weekly,3,Prefer competitor,Synthetic
U0070,18-24,IT Professional,South,Google Search; YouTube; Gmail; Google Maps; Google Chrome; Google Photos; Google Docs,Google Chrome,Weekly,3,Privacy concerns,Synthetic
U0071,45-54,IT Professional,North,Google Search; YouTube; Google Maps; Google Chrome; Google Drive; Google Photos; Google Docs,YouTube,Daily,5,Don't need it,Synthetic
U0072,18-24,Teacher,West,Google Search; YouTube; Google Maps; Google Chrome; Google Photos; Google Meet; Google Docs,Google Meet,Monthly,5,Privacy concerns,Synthetic
U0073,18-24,Teacher,North,Google Search; YouTube; Gmail; Google Maps; Google Chrome; Google Drive; Google Photos; Google Docs; Google Pay,Google Photos,Daily,5,Prefer competitor,Synthetic
U0074,45-54,Teacher,South,Google Search; YouTube; Google Maps; Google Chrome; Google Pay,Google Maps,Daily,5,Prefer competitor,Synthetic
U0075,18-24,Student,West,Google Search; YouTube; Gmail; Google Chrome,Gmail,Weekly,4,Difficult to use,Synthetic
U0076,55+,Student,East,Google Search; YouTube; Gmail; Google Maps; Google Chrome; Google Drive; Google Photos; Google Docs; Google Pay,Google Docs,Daily,4,Prefer competitor,Synthetic
U0077,18-24,IT Professional,East,Google Search; YouTube; Gmail; Google Chrome; Google Drive; Google Photos; Google Meet; Google Docs,Google Docs,Daily,4,Prefer competitor,Synthetic
U0078,18-24,Teacher,Central,Google Search; YouTube; Google Maps; Google Chrome; Google Drive; Google Photos; Google Docs; Google Pay,Google Docs,Daily,3,Prefer competitor,Synthetic
U0079,25-34,Teacher,North,Google Search; YouTube; Gmail; Google Maps; Google Meet; Google Pay,Google Maps,Daily,4,Privacy concerns,Synthetic
U0080,25-34,Student,North,Google Search; YouTube; Gmail; Google Maps; Google Chrome; Google Drive; Google Photos; Google Meet,Google Chrome,Daily,4,Don't need it,Synthetic
U0081,35-44,Student,Central,YouTube; Gmail; Google Maps; Google Chrome; Google Drive; Google Photos; Google Meet,Google Drive,Weekly,4,Not aware of product,Synthetic
U0082,35-44,IT Professional,East,Google Search; YouTube; Gmail; Google Maps; Google Chrome; Google Drive; Google Pay,Google Chrome,Daily,4,Not aware of product,Synthetic
U0083,35-44,Student,West,Google Search; YouTube; Gmail; Google Chrome; Google Photos; Google Meet; Google Pay,Google Pay,Daily,4,Prefer competitor,Synthetic
U0084,25-34,Other,South,Google Search; YouTube; Gmail; Google Maps; Google Drive; Google Photos; Google Meet; Google Docs; Google Pay,Google Pay,Daily,3,Not aware of product,Synthetic
U0085,35-44,Student,North,Google Search; YouTube; Gmail; Google Maps; Google Chrome; Google Photos; Google Docs; Google Pay,YouTube,Monthly,3,Prefer competitor,Synthetic
U0086,18-24,Business Owner,South,Google Search; YouTube; Gmail; Google Maps; Google Chrome; Google Drive; Google Photos; Google Docs; Google Pay,Google Pay,Daily,3,Don't need it,Synthetic
U0087,18-24,IT Professional,North,Google Search; YouTube; Google Maps; Google Chrome; Google Drive; Google Meet; Google Docs,Google Docs,Weekly,5,Limited internet/device,Synthetic
U0088,35-44,IT Professional,East,Google Search; YouTube; Gmail; Google Chrome; Google Drive; Google Photos; Google Docs; Google Pay,YouTube,Daily,3,Not aware of product,Synthetic
U0089,18-24,Healthcare Professional,Central,Google Search; YouTube; Gmail; Google Maps; Google Chrome; Google Meet,Gmail,Weekly,4,Prefer competitor,Synthetic
U0090,25-34,IT Professional,East,Google Search; YouTube; Gmail; Google Maps; Google Chrome; Google Drive; Google Photos; Google Meet; Google Pay,YouTube,Daily,4,Difficult to use,Synthetic
U0091,25-34,IT Professional,North,Google Search; YouTube; Gmail; Google Maps; Google Chrome; Google Drive,Google Chrome,Weekly,4,Difficult to use,Synthetic
U0092,18-24,Other,West,Google Search; YouTube; Gmail; Google Maps; Google Chrome; Google Drive; Google Photos; Google Pay,Google Pay,Daily,4,Not aware of product,Synthetic
U0093,18-24,IT Professional,North,Google Search; YouTube; Gmail; Google Maps; Google Chrome; Google Drive; Google Photos; Google Meet; Google Pay,Google Photos,Weekly,4,Don't need it,Synthetic
U0094,18-24,Student,East,Google Search; YouTube; Gmail; Google Maps; Google Chrome; Google Drive; Google Docs; Google Pay,Google Maps,Daily,5,Don't need it,Synthetic
U0095,35-44,Student,East,Google Search; YouTube; Gmail; Google Maps; Google Drive; Google Photos; Google Meet; Google Pay,Google Pay,Daily,3,Not aware of product,Synthetic
U0096,18-24,Student,South,Google Search; YouTube; Gmail; Google Maps; Google Chrome; Google Drive; Google Photos; Google Pay,Google Pay,Daily,2,Prefer competitor,Synthetic
U0097,45-54,Student,South,Google Search; YouTube; Gmail; Google Maps; Google Chrome; Google Photos; Google Meet; Google Pay,Google Photos,Daily,4,Prefer competitor,Synthetic
U0098,18-24,IT Professional,South,YouTube; Gmail; Google Maps; Google Chrome; Google Photos; Google Docs; Google Pay,Google Docs,Daily,5,Don't need it,Synthetic
U0099,35-44,Teacher,Central,Google Search; YouTube; Gmail; Google Drive; Google Meet; Google Pay,Google Search,Weekly,4,Prefer competitor,Synthetic
U0100,18-24,Student,South,Google Search; YouTube; Gmail; Google Maps; Google Chrome; Google Photos; Google Pay,Google Photos,Daily,5,Privacy concerns,Synthetic
U0101,18-24,Other,North,Google Search; YouTube; Google Chrome; Google Photos; Google Meet; Google Docs; Google Pay,YouTube,Daily,5,Don't need it,Synthetic
U0102,45-54,Business Owner,East,Google Search; YouTube; Gmail; Google Chrome; Google Drive; Google Pay,Google Drive,Daily,3,Limited internet/device,Synthetic
U0103,25-34,Other,South,Google Search; YouTube; Gmail; Google Maps; Google Chrome; Google Drive; Google Photos; Google Docs; Google Pay,Gmail,Daily,3,Don't need it,Synthetic
U0104,35-44,Business Owner,South,Google Search; YouTube; Gmail; Google Maps; Google Chrome; Google Drive; Google Pay,Google Chrome,Weekly,4,Not aware of product,Synthetic
U0105,25-34,IT Professional,North,Google Search; YouTube; Gmail; Google Maps; Google Chrome; Google Docs; Google Pay,Gmail,Daily,5,Don't need it,Synthetic
U0106,35-44,Student,East,Google Search; YouTube; Gmail; Google Maps; Google Chrome; Google Drive; Google Photos; Google Meet; Google Pay,Google Photos,Daily,3,Difficult to use,Synthetic
U0107,18-24,Business Owner,West,Google Search; YouTube; Gmail; Google Chrome; Google Drive; Google Photos; Google Pay,Google Search,Weekly,2,Difficult to use,Synthetic
U0108,25-34,Business Owner,West,Google Search; YouTube; Gmail; Google Maps; Google Chrome; Google Drive; Google Meet; Google Pay,Google Search,Weekly,4,Privacy concerns,Synthetic
U0109,18-24,Student,East,Google Search; YouTube; Google Photos; Google Meet; Google Docs,YouTube,Daily,2,Limited internet/device,Synthetic
U0110,18-24,Teacher,East,Google Search; YouTube; Gmail; Google Maps; Google Chrome; Google Drive; Google Photos; Google Meet,Google Maps,Daily,3,Don't need it,Synthetic
U0111,45-54,IT Professional,East,Google Search; YouTube; Gmail; Google Maps; Google Chrome; Google Drive; Google Photos; Google Meet; Google Docs; Google Pay,Google Maps,Daily,3,No reason / Uses products,Synthetic
U0112,45-54,Business Owner,South,Google Search; YouTube; Gmail; Google Chrome; Google Photos; Google Pay,Google Chrome,Daily,4,Privacy concerns,Synthetic
U0113,18-24,IT Professional,West,Google Search; YouTube; Gmail; Google Chrome; Google Drive; Google Photos; Google Meet,Gmail,Daily,4,Not aware of product,Synthetic
U0114,45-54,Business Owner,West,Google Search; YouTube; Gmail; Google Maps; Google Chrome; Google Photos; Google Meet; Google Pay,YouTube,Weekly,5,Not aware of product,Synthetic
U0115,35-44,IT Professional,East,Google Search; YouTube; Gmail; Google Chrome,YouTube,Weekly,5,Don't need it,Synthetic
U0116,25-34,Teacher,Central,Google Search; YouTube; Gmail; Google Maps; Google Chrome; Google Drive; Google Photos; Google Docs; Google Pay,Google Maps,Daily,5,Prefer competitor,Synthetic
U0117,18-24,Teacher,North,Google Search; YouTube; Gmail; Google Maps; Google Chrome; Google Drive; Google Photos,Google Chrome,Weekly,4,Don't need it,Synthetic
U0118,18-24,IT Professional,South,Google Search; YouTube; Gmail; Google Maps; Google Photos; Google Meet,Gmail,Weekly,5,Privacy concerns,Synthetic
U0119,35-44,Other,North,Google Search; Gmail; Google Maps; Google Chrome; Google Drive; Google Pay,Google Maps,Daily,5,Privacy concerns,Synthetic
U0120,18-24,Healthcare Professional,East,Google Search; YouTube; Gmail; Google Maps; Google Chrome; Google Drive; Google Docs; Google Pay,Google Maps,Daily,5,Don't need it,Synthetic
U0121,18-24,IT Professional,North,Google Search; YouTube; Gmail; Google Drive; Google Photos; Google Docs; Google Pay,Google Drive,Daily,2,Difficult to use,Synthetic
U0122,18-24,IT Professional,South,Google Search; YouTube; Gmail; Google Maps; Google Drive; Google Meet; Google Docs; Google Pay,Google Search,Daily,5,Prefer competitor,Synthetic
U0123,35-44,Student,South,Google Search; Google Maps; Google Chrome; Google Photos; Google Meet; Google Pay,Google Meet,Daily,4,Don't need it,Synthetic
U0124,35-44,IT Professional,East,Google Search; YouTube; Gmail; Google Maps; Google Chrome; Google Drive; Google Photos; Google Docs,Google Maps,Daily,4,Privacy concerns,Synthetic
U0125,25-34,Student,West,Google Search; YouTube; Gmail; Google Maps; Google Chrome; Google Drive; Google Photos,Gmail,Monthly,4,Privacy concerns,Synthetic
U0126,25-34,Business Owner,North,Google Search; YouTube; Gmail; Google Maps; Google Chrome; Google Drive; Google Photos; Google Meet; Google Docs; Google Pay,Google Pay,Daily,4,No reason / Uses products,Synthetic
U0127,35-44,Student,South,Google Search; YouTube; Google Maps; Google Chrome; Google Drive; Google Photos; Google Docs,Google Maps,Monthly,3,Prefer competitor,Synthetic
U0128,18-24,Other,West,Google Search; YouTube; Gmail; Google Maps; Google Photos; Google Docs,Google Photos,Weekly,4,Limited internet/device,Synthetic
U0129,55+,Business Owner,North,Google Search; YouTube; Gmail; Google Maps; Google Chrome; Google Drive; Google Meet; Google Docs,Google Drive,Weekly,4,Don't need it,Synthetic
U0130,35-44,IT Professional,South,Google Search; YouTube; Gmail; Google Maps; Google Chrome; Google Photos; Google Meet; Google Docs; Google Pay,YouTube,Weekly,4,Not aware of product,Synthetic
U0131,18-24,Healthcare Professional,East,YouTube; Gmail; Google Maps; Google Chrome; Google Photos; Google Meet; Google Pay,Google Pay,Daily,4,Not aware of product,Synthetic
U0132,25-34,IT Professional,North,Google Search; YouTube; Gmail; Google Chrome; Google Docs,Gmail,Daily,3,Don't need it,Synthetic
U0133,25-34,Student,South,Google Search; YouTube; Gmail; Google Maps; Google Chrome; Google Drive; Google Photos; Google Docs; Google Pay,Gmail,Weekly,4,Privacy concerns,Synthetic
U0134,55+,Business Owner,East,Google Search; YouTube; Gmail; Google Maps; Google Chrome; Google Drive; Google Photos; Google Meet; Google Docs; Google Pay,Google Maps,Daily,4,No reason / Uses products,Synthetic
U0135,18-24,IT Professional,West,Google Search; YouTube; Google Maps; Google Chrome; Google Photos; Google Meet; Google Docs,Google Meet,Daily,3,Privacy concerns,Synthetic
U0136,25-34,Business Owner,South,Google Search; YouTube; Gmail; Google Maps; Google Chrome; Google Photos; Google Docs; Google Pay,Google Pay,Daily,4,Privacy concerns,Synthetic
U0137,25-34,Other,East,Google Search; YouTube; Gmail; Google Maps; Google Chrome; Google Drive; Google Photos; Google Meet; Google Docs; Google Pay,YouTube,Daily,4,No reason / Uses products,Synthetic
U0138,55+,Student,South,Google Search; YouTube; Gmail; Google Maps; Google Drive; Google Photos; Google Meet; Google Docs; Google Pay,Gmail,Daily,4,Don't need it,Synthetic
U0139,25-34,Healthcare Professional,North,Google Search; YouTube; Gmail; Google Maps; Google Chrome; Google Drive; Google Photos; Google Meet; Google Docs,Google Search,Weekly,3,Don't need it,Synthetic
U0140,25-34,Healthcare Professional,East,Google Search; Gmail; Google Maps; Google Chrome; Google Drive; Google Photos; Google Pay,Google Search,Weekly,5,Privacy concerns,Synthetic
U0141,18-24,Business Owner,North,Google Search; YouTube; Gmail; Google Maps; Google Chrome; Google Drive; Google Photos; Google Meet; Google Docs; Google Pay,Google Maps,Monthly,4,No reason / Uses products,Synthetic
U0142,18-24,Teacher,South,Google Search; YouTube; Google Maps; Google Chrome; Google Drive; Google Photos; Google Meet; Google Docs; Google Pay,Google Drive,Monthly,2,Don't need it,Synthetic
U0143,18-24,Student,South,Google Search; YouTube; Gmail; Google Maps; Google Chrome; Google Drive; Google Photos,Google Drive,Weekly,4,Prefer competitor,Synthetic
U0144,25-34,Healthcare Professional,East,Google Search; YouTube; Gmail; Google Maps; Google Chrome; Google Drive; Google Meet; Google Docs; Google Pay,Google Search,Daily,4,Prefer competitor,Synthetic
U0145,25-34,Student,West,Google Search; YouTube; Gmail; Google Maps; Google Chrome; Google Drive; Google Docs,YouTube,Weekly,4,Don't need it,Synthetic
U0146,18-24,Student,Central,Google Search; Gmail; Google Maps; Google Chrome; Google Drive; Google Meet; Google Docs; Google Pay,Google Drive,Daily,4,Difficult to use,Synthetic
U0147,18-24,Other,South,Google Search; YouTube; Gmail; Google Chrome; Google Photos; Google Meet; Google Docs; Google Pay,Google Photos,Daily,4,Prefer competitor,Synthetic
U0148,18-24,Healthcare Professional,South,Google Search; YouTube; Gmail; Google Maps; Google Chrome; Google Drive; Google Docs; Google Pay,Google Chrome,Daily,4,Don't need it,Synthetic
U0149,25-34,Other,Central,Google Search; YouTube; Gmail; Google Maps; Google Chrome; Google Drive; Google Photos; Google Docs,Google Chrome,Daily,4,Don't need it,Synthetic
U0150,18-24,Teacher,East,Google Search; YouTube; Gmail; Google Maps; Google Photos; Google Meet; Google Pay,Google Pay,Daily,4,Prefer competitor,Synthetic
U0151,35-44,IT Professional,East,Google Search; YouTube; Google Chrome; Google Pay,Google Search,Daily,1,Not aware of product,Synthetic
U0152,18-24,Student,South,Google Search; YouTube; Google Maps; Google Chrome; Google Meet; Google Pay,Google Pay,Daily,5,Don't need it,Synthetic
U0153,35-44,IT Professional,West,YouTube; Google Maps; Google Chrome; Google Drive; Google Photos; Google Docs; Google Pay,Google Photos,Weekly,5,Difficult to use,Synthetic
U0154,35-44,Student,South,Google Search; YouTube; Gmail; Google Maps; Google Chrome; Google Drive; Google Photos; Google Meet; Google Pay,Gmail,Daily,4,Prefer competitor,Synthetic
U0155,25-34,Teacher,West,Google Search; YouTube; Gmail; Google Maps; Google Chrome; Google Drive; Google Docs,Google Chrome,Daily,5,Don't need it,Synthetic
U0156,18-24,Student,North,Google Search; YouTube; Gmail; Google Maps; Google Drive; Google Meet; Google Pay,YouTube,Weekly,5,Privacy concerns,Synthetic
U0157,25-34,IT Professional,North,Google Search; YouTube; Gmail; Google Maps; Google Chrome; Google Drive; Google Photos; Google Docs; Google Pay,YouTube,Daily,4,Prefer competitor,Synthetic
U0158,45-54,Student,South,Google Search; YouTube; Gmail; Google Maps; Google Chrome; Google Photos; Google Pay,Google Search,Daily,5,Not aware of product,Synthetic
U0159,18-24,Student,East,Google Search; YouTube; Gmail; Google Maps; Google Chrome; Google Photos; Google Meet; Google Docs; Google Pay,Google Pay,Daily,3,Privacy concerns,Synthetic
U0160,25-34,Student,South,Google Search; YouTube; Gmail; Google Maps; Google Chrome; Google Drive; Google Photos; Google Meet; Google Pay,Google Maps,Weekly,3,Not aware of product,Synthetic
U0161,25-34,Other,North,Google Search; YouTube; Gmail; Google Maps; Google Chrome; Google Photos; Google Docs; Google Pay,Google Photos,Daily,2,Prefer competitor,Synthetic
U0162,35-44,Healthcare Professional,West,Google Search; YouTube; Gmail; Google Maps; Google Docs,Google Search,Monthly,3,Not aware of product,Synthetic
U0163,45-54,Student,South,Google Search; YouTube; Gmail; Google Maps; Google Chrome; Google Photos; Google Meet; Google Docs; Google Pay,Google Chrome,Daily,1,Prefer competitor,Synthetic
U0164,35-44,IT Professional,South,Google Search; YouTube; Gmail; Google Maps; Google Photos,Google Photos,Daily,4,Prefer competitor,Synthetic
U0165,18-24,Student,East,Google Search; YouTube; Gmail; Google Meet; Google Pay,Google Search,Daily,5,Not aware of product,Synthetic
U0166,45-54,Healthcare Professional,South,Google Search; Gmail; Google Chrome; Google Docs,Google Search,Monthly,4,Prefer competitor,Synthetic
U0167,18-24,Student,East,Google Search; YouTube; Google Maps; Google Chrome; Google Drive; Google Meet; Google Docs,YouTube,Daily,3,Don't need it,Synthetic
U0168,25-34,Healthcare Professional,East,Google Search; YouTube; Gmail; Google Chrome; Google Drive; Google Photos; Google Meet; Google Pay,Google Pay,Weekly,5,Don't need it,Synthetic
U0169,18-24,IT Professional,East,Google Search; YouTube; Google Maps; Google Chrome; Google Docs,Google Docs,Weekly,5,Prefer competitor,Synthetic
U0170,18-24,IT Professional,West,Google Search; YouTube; Google Maps; Google Chrome; Google Photos; Google Pay,YouTube,Daily,5,Not aware of product,Synthetic
U0171,18-24,IT Professional,North,Google Search; YouTube; Gmail; Google Maps; Google Chrome; Google Meet; Google Pay,Google Maps,Daily,2,Prefer competitor,Synthetic
U0172,25-34,Student,East,YouTube; Gmail; Google Maps; Google Chrome; Google Docs,YouTube,Daily,2,Prefer competitor,Synthetic
U0173,45-54,IT Professional,Central,Google Search; YouTube; Gmail; Google Maps; Google Chrome; Google Drive; Google Photos,Google Chrome,Weekly,5,Difficult to use,Synthetic
U0174,25-34,Student,South,Google Search; YouTube; Gmail; Google Maps; Google Chrome; Google Drive; Google Meet; Google Docs,Google Meet,Daily,4,Privacy concerns,Synthetic
U0175,25-34,Student,Central,Google Search; YouTube; Gmail; Google Maps; Google Chrome; Google Photos; Google Meet; Google Docs; Google Pay,Google Docs,Daily,4,Prefer competitor,Synthetic
U0176,18-24,Student,West,Google Search; YouTube; Gmail; Google Maps; Google Chrome; Google Drive; Google Photos; Google Meet,Google Drive,Daily,4,Limited internet/device,Synthetic
U0177,25-34,Student,West,Google Search; YouTube; Gmail; Google Maps; Google Chrome; Google Drive; Google Photos; Google Meet; Google Docs; Google Pay,Google Drive,Daily,4,No reason / Uses products,Synthetic
U0178,18-24,Teacher,West,Google Search; YouTube; Gmail; Google Maps; Google Docs,YouTube,Weekly,5,Prefer competitor,Synthetic
U0179,35-44,Student,South,Google Search; Google Maps; Google Chrome; Google Drive; Google Meet; Google Docs; Google Pay,Google Drive,Daily,1,Privacy concerns,Synthetic
U0180,18-24,Teacher,Central,Google Search; YouTube; Gmail; Google Chrome; Google Photos; Google Meet,Google Photos,Monthly,4,Limited internet/device,Synthetic
U0181,18-24,Healthcare Professional,West,Google Search; YouTube; Gmail; Google Maps; Google Chrome; Google Drive; Google Photos,Gmail,Daily,4,Prefer competitor,Synthetic
U0182,25-34,IT Professional,South,Google Search; YouTube; Gmail; Google Maps; Google Chrome; Google Drive; Google Meet; Google Docs; Google Pay,Google Chrome,Daily,3,Don't need it,Synthetic
U0183,55+,Teacher,West,Google Search; YouTube; Gmail; Google Maps; Google Drive; Google Docs; Google Pay,YouTube,Daily,5,Prefer competitor,Synthetic
U0184,25-34,Teacher,West,Google Search; YouTube; Gmail; Google Maps; Google Chrome; Google Drive; Google Photos; Google Meet,Gmail,Daily,3,Difficult to use,Synthetic
U0185,18-24,IT Professional,West,Google Search; YouTube; Gmail; Google Maps; Google Chrome; Google Drive; Google Photos; Google Meet; Google Pay,Google Maps,Daily,1,Prefer competitor,Synthetic
U0186,18-24,IT Professional,East,Google Search; Gmail; Google Maps; Google Chrome; Google Drive; Google Photos; Google Docs,Google Search,Daily,5,Don't need it,Synthetic
U0187,45-54,Student,West,YouTube; Gmail; Google Maps; Google Chrome; Google Meet; Google Docs; Google Pay,YouTube,Daily,5,Prefer competitor,Synthetic
U0188,25-34,Business Owner,West,Google Search; YouTube; Gmail; Google Maps; Google Drive; Google Photos; Google Meet; Google Docs,Gmail,Daily,5,Not aware of product,Synthetic
U0189,35-44,Student,Central,Google Search; YouTube; Gmail; Google Chrome; Google Drive; Google Photos; Google Pay,Gmail,Weekly,4,Prefer competitor,Synthetic
U0190,35-44,IT Professional,Central,Google Search; YouTube; Gmail; Google Chrome; Google Photos; Google Docs; Google Pay,Gmail,Monthly,2,Privacy concerns,Synthetic
U0191,18-24,IT Professional,North,Google Search; YouTube; Gmail; Google Maps; Google Drive; Google Meet; Google Pay,Google Meet,Daily,4,Privacy concerns,Synthetic
U0192,55+,Teacher,West,Google Search; YouTube; Gmail; Google Maps; Google Drive; Google Photos; Google Meet; Google Pay,Google Pay,Weekly,4,Difficult to use,Synthetic
U0193,55+,IT Professional,South,Google Search; Google Maps; Google Chrome; Google Drive; Google Photos; Google Meet; Google Pay,Google Search,Daily,4,Don't need it,Synthetic
U0194,18-24,IT Professional,East,Google Search; YouTube; Gmail; Google Maps; Google Chrome; Google Meet; Google Pay,Google Meet,Daily,1,Prefer competitor,Synthetic
U0195,45-54,Student,South,Google Search; YouTube; Gmail; Google Maps; Google Chrome; Google Drive; Google Photos; Google Meet; Google Docs,Google Meet,Monthly,4,Privacy concerns,Synthetic
U0196,45-54,Business Owner,South,Google Search; YouTube; Gmail; Google Maps; Google Chrome; Google Drive,YouTube,Weekly,3,Privacy concerns,Synthetic
U0197,35-44,Teacher,Central,Google Search; YouTube; Google Maps; Google Chrome; Google Photos,Google Search,Daily,5,Privacy concerns,Synthetic
U0198,45-54,IT Professional,South,Google Search; YouTube; Gmail; Google Chrome; Google Drive; Google Photos; Google Meet,YouTube,Daily,5,Don't need it,Synthetic
U0199,25-34,Other,North,Google Search; YouTube; Gmail; Google Chrome; Google Photos; Google Meet; Google Docs; Google Pay,Google Pay,Weekly,4,Don't need it,Synthetic
U0200,25-34,Student,South,Google Search; YouTube; Gmail; Google Chrome; Google Drive; Google Photos; Google Meet; Google Docs; Google Pay,Google Pay,Daily,5,Privacy concerns,Synthetic
U0201,35-44,IT Professional,North,Google Search; YouTube; Gmail; Google Maps; Google Chrome; Google Pay,YouTube,Weekly,4,Not aware of product,Synthetic
U0202,18-24,IT Professional,West,Google Search; YouTube; Gmail; Google Maps; Google Chrome; Google Drive; Google Meet; Google Docs; Google Pay,YouTube,Daily,4,Don't need it,Synthetic
U0203,55+,IT Professional,East,Google Search; YouTube; Gmail; Google Maps; Google Chrome; Google Photos; Google Meet,YouTube,Weekly,5,Privacy concerns,Synthetic
U0204,35-44,Student,North,Google Search; YouTube; Gmail; Google Maps; Google Chrome; Google Drive; Google Meet; Google Docs; Google Pay,YouTube,Weekly,4,Prefer competitor,Synthetic
U0205,25-34,Teacher,South,Google Search; YouTube; Gmail; Google Chrome,Google Search,Weekly,5,Prefer competitor,Synthetic
U0206,18-24,IT Professional,North,Google Search; YouTube; Gmail; Google Maps; Google Chrome; Google Drive; Google Photos; Google Meet; Google Pay,Google Maps,Daily,5,Not aware of product,Synthetic
U0207,25-34,Business Owner,Central,Google Search; YouTube; Google Maps; Google Chrome; Google Photos; Google Meet,Google Meet,Daily,4,Not aware of product,Synthetic
U0208,25-34,IT Professional,East,Google Search; YouTube; Google Maps; Google Photos; Google Docs,Google Photos,Daily,4,Not aware of product,Synthetic
U0209,25-34,Student,North,Google Search; YouTube; Gmail; Google Maps; Google Chrome; Google Drive; Google Meet; Google Docs,Google Meet,Daily,4,Don't need it,Synthetic
U0210,35-44,Other,East,Google Search; YouTube; Gmail; Google Chrome; Google Drive; Google Meet; Google Pay,Google Drive,Daily,2,Not aware of product,Synthetic
U0211,45-54,Other,West,Google Search; YouTube; Google Maps; Google Chrome; Google Drive; Google Docs,Google Search,Weekly,5,Prefer competitor,Synthetic
U0212,18-24,Student,Central,Google Search; YouTube; Google Maps; Google Chrome; Google Drive; Google Photos; Google Meet; Google Docs; Google Pay,Google Chrome,Daily,4,Limited internet/device,Synthetic
U0213,18-24,Student,North,Google Search; YouTube; Gmail; Google Maps; Google Chrome; Google Photos; Google Meet; Google Docs,YouTube,Weekly,3,Don't need it,Synthetic
U0214,45-54,Student,North,Google Search; YouTube; Gmail; Google Chrome; Google Drive; Google Photos; Google Meet; Google Pay,Google Photos,Weekly,4,Limited internet/device,Synthetic
U0215,25-34,Teacher,South,Google Search; YouTube; Gmail; Google Maps; Google Drive; Google Photos; Google Meet; Google Docs; Google Pay,Google Pay,Monthly,1,Don't need it,Synthetic
U0216,25-34,Business Owner,East,Google Search; YouTube; Gmail; Google Maps; Google Chrome; Google Photos; Google Meet,Google Search,Daily,4,Don't need it,Synthetic
U0217,25-34,Business Owner,South,Google Search; YouTube; Gmail; Google Maps; Google Chrome; Google Drive; Google Photos; Google Meet; Google Docs,Google Drive,Weekly,4,Don't need it,Synthetic
U0218,25-34,Teacher,South,Google Search; YouTube; Gmail; Google Maps; Google Chrome; Google Drive; Google Meet; Google Docs; Google Pay,Google Maps,Daily,3,Prefer competitor,Synthetic
U0219,45-54,Teacher,East,Google Search; YouTube; Gmail; Google Maps; Google Chrome; Google Drive; Google Meet; Google Docs; Google Pay,Google Meet,Daily,5,Not aware of product,Synthetic
U0220,25-34,Teacher,East,Google Search; Gmail; Google Maps; Google Chrome; Google Drive; Google Meet; Google Pay,Google Pay,Monthly,4,Don't need it,Synthetic
U0221,18-24,Student,East,Google Search; YouTube; Gmail; Google Maps; Google Chrome; Google Drive; Google Photos; Google Docs; Google Pay,Google Docs,Monthly,4,Not aware of product,Synthetic
U0222,18-24,Student,East,Google Search; YouTube; Gmail; Google Chrome; Google Photos; Google Meet; Google Pay,Google Search,Daily,4,Prefer competitor,Synthetic
U0223,18-24,IT Professional,North,Google Search; YouTube; Gmail; Google Maps; Google Chrome; Google Drive; Google Photos; Google Meet; Google Docs,Google Maps,Monthly,1,Not aware of product,Synthetic
U0224,35-44,Business Owner,Central,Google Search; YouTube; Gmail; Google Maps; Google Chrome; Google Drive; Google Docs; Google Pay,Google Maps,Daily,3,Prefer competitor,Synthetic
U0225,35-44,Student,South,Google Search; Gmail; Google Maps; Google Chrome; Google Photos; Google Meet; Google Docs; Google Pay,Google Maps,Weekly,2,Prefer competitor,Synthetic
U0226,18-24,Business Owner,South,Google Search; YouTube; Google Chrome; Google Photos; Google Meet; Google Docs; Google Pay,Google Search,Weekly,5,Prefer competitor,Synthetic
U0227,25-34,Student,West,Google Search; YouTube; Gmail; Google Maps; Google Chrome; Google Drive; Google Photos; Google Meet; Google Docs; Google Pay,YouTube,Daily,5,No reason / Uses products,Synthetic
U0228,25-34,Teacher,South,Google Search; Gmail; Google Maps; Google Chrome; Google Drive; Google Photos; Google Meet; Google Docs; Google Pay,Google Drive,Daily,4,Not aware of product,Synthetic
U0229,18-24,Business Owner,East,Google Search; YouTube; Gmail; Google Maps; Google Meet; Google Pay,YouTube,Daily,2,Not aware of product,Synthetic
U0230,25-34,Student,East,Google Search; YouTube; Gmail; Google Chrome; Google Drive; Google Photos; Google Meet; Google Pay,YouTube,Daily,5,Don't need it,Synthetic
U0231,45-54,Business Owner,North,Google Search; YouTube; Gmail; Google Maps; Google Chrome; Google Drive; Google Photos; Google Docs; Google Pay,YouTube,Daily,4,Don't need it,Synthetic
U0232,18-24,Business Owner,Central,Google Search; YouTube; Gmail; Google Maps; Google Chrome; Google Drive; Google Docs; Google Pay,Google Maps,Weekly,5,Prefer competitor,Synthetic
U0233,18-24,IT Professional,Central,Google Search; YouTube; Gmail; Google Maps; Google Chrome; Google Drive; Google Photos; Google Meet; Google Pay,Google Maps,Daily,3,Difficult to use,Synthetic
U0234,25-34,Student,East,Google Search; Gmail; Google Photos; Google Docs,Gmail,Daily,5,Don't need it,Synthetic
U0235,25-34,Other,West,Google Search; Gmail; Google Maps; Google Chrome; Google Drive; Google Photos; Google Meet; Google Pay,Gmail,Daily,4,Prefer competitor,Synthetic
U0236,18-24,Student,Central,Google Search; YouTube; Gmail; Google Maps; Google Chrome; Google Meet; Google Pay,Gmail,Weekly,5,Prefer competitor,Synthetic
U0237,25-34,IT Professional,South,Google Search; YouTube; Google Maps; Google Chrome; Google Meet; Google Pay,YouTube,Weekly,2,Don't need it,Synthetic
U0238,18-24,Student,West,Google Search; YouTube; Gmail; Google Maps; Google Chrome; Google Photos; Google Meet,YouTube,Monthly,3,Don't need it,Synthetic
U0239,18-24,Healthcare Professional,West,Google Search; YouTube; Gmail; Google Maps; Google Chrome; Google Drive; Google Photos; Google Meet; Google Docs; Google Pay,Google Meet,Monthly,4,No reason / Uses products,Synthetic
U0240,25-34,Student,South,Google Search; YouTube; Gmail; Google Maps; Google Chrome; Google Photos; Google Meet; Google Docs,Google Photos,Daily,4,Not aware of product,Synthetic
U0241,45-54,Teacher,West,Google Search; YouTube; Gmail; Google Maps; Google Chrome; Google Drive; Google Meet; Google Pay,YouTube,Daily,4,Prefer competitor,Synthetic
U0242,18-24,IT Professional,West,Google Search; YouTube; Gmail; Google Chrome; Google Drive; Google Photos; Google Meet; Google Docs; Google Pay,Google Pay,Daily,4,Prefer competitor,Synthetic
U0243,18-24,Business Owner,East,Google Search; YouTube; Google Maps; Google Chrome; Google Drive; Google Photos; Google Meet; Google Docs; Google Pay,Google Drive,Weekly,4,Don't need it,Synthetic
U0244,25-34,IT Professional,South,Google Search; YouTube; Google Maps; Google Drive; Google Pay,YouTube,Daily,4,Don't need it,Synthetic
U0245,18-24,Business Owner,West,Google Search; YouTube; Gmail; Google Maps; Google Chrome; Google Drive; Google Meet; Google Docs,Google Drive,Weekly,4,Don't need it,Synthetic
U0246,25-34,Student,West,Google Search; YouTube; Gmail; Google Maps; Google Chrome; Google Drive; Google Photos; Google Meet,Gmail,Daily,5,Prefer competitor,Synthetic
U0247,25-34,IT Professional,North,Google Search; YouTube; Gmail; Google Chrome; Google Docs; Google Pay,Google Search,Monthly,2,Difficult to use,Synthetic
U0248,25-34,Business Owner,East,Google Search; YouTube; Gmail; Google Maps; Google Drive; Google Photos; Google Docs; Google Pay,Google Pay,Monthly,4,Prefer competitor,Synthetic
U0249,45-54,Business Owner,East,Google Search; YouTube; Gmail; Google Chrome; Google Drive; Google Photos; Google Meet,Google Meet,Weekly,4,Prefer competitor,Synthetic
U0250,18-24,Healthcare Professional,Central,Google Search; YouTube; Gmail; Google Maps; Google Chrome; Google Drive; Google Photos; Google Docs; Google Pay,Google Drive,Daily,5,Difficult to use,Synthetic
U0251,35-44,Other,East,Google Search; YouTube; Gmail; Google Chrome; Google Drive; Google Photos; Google Meet; Google Docs,Google Photos,Daily,4,Difficult to use,Synthetic
U0252,55+,Business Owner,West,Google Search; YouTube; Gmail; Google Maps; Google Chrome; Google Drive; Google Photos; Google Docs; Google Pay,Google Maps,Weekly,5,Difficult to use,Synthetic
U0253,25-34,Teacher,East,Google Search; YouTube; Gmail; Google Maps; Google Chrome; Google Photos; Google Meet; Google Pay,YouTube,Daily,3,Privacy concerns,Synthetic
U0254,25-34,Healthcare Professional,Central,Google Search; YouTube; Gmail; Google Maps; Google Drive; Google Photos; Google Meet; Google Pay,Google Maps,Monthly,5,Don't need it,Synthetic
U0255,35-44,IT Professional,West,Google Search; YouTube; Gmail; Google Maps; Google Chrome; Google Photos; Google Meet; Google Docs,Google Photos,Daily,5,Not aware of product,Synthetic
U0256,45-54,Business Owner,South,Google Search; YouTube; Gmail; Google Maps; Google Chrome; Google Drive; Google Meet; Google Docs; Google Pay,Gmail,Weekly,5,Don't need it,Synthetic
U0257,18-24,IT Professional,North,Google Search; YouTube; Gmail; Google Maps; Google Chrome; Google Drive; Google Photos; Google Pay,YouTube,Daily,3,Prefer competitor,Synthetic
U0258,25-34,Student,Central,Google Search; YouTube; Gmail; Google Maps; Google Chrome; Google Photos; Google Meet; Google Docs; Google Pay,Google Docs,Daily,5,Don't need it,Synthetic
U0259,18-24,Business Owner,Central,Google Search; YouTube; Gmail; Google Maps; Google Chrome; Google Drive; Google Photos; Google Pay,Google Maps,Daily,4,Privacy concerns,Synthetic
U0260,45-54,IT Professional,South,Google Search; YouTube; Gmail; Google Chrome; Google Drive; Google Photos; Google Docs; Google Pay,Google Photos,Monthly,4,Don't need it,Synthetic
U0261,35-44,Other,North,YouTube; Gmail; Google Maps; Google Chrome; Google Drive; Google Photos; Google Meet; Google Docs; Google Pay,Gmail,Daily,3,Don't need it,Synthetic
U0262,18-24,Healthcare Professional,West,Google Search; YouTube; Gmail; Google Maps; Google Chrome; Google Docs,Google Docs,Daily,4,Prefer competitor,Synthetic
U0263,25-34,Student,West,Google Search; YouTube; Gmail; Google Chrome; Google Drive; Google Photos; Google Meet; Google Docs,Google Drive,Daily,2,Don't need it,Synthetic
U0264,25-34,IT Professional,South,Google Search; YouTube; Gmail; Google Maps; Google Chrome; Google Drive; Google Photos,Google Search,Monthly,5,Privacy concerns,Synthetic
U0265,45-54,IT Professional,East,Google Search; YouTube; Gmail; Google Maps; Google Pay,Gmail,Weekly,5,Prefer competitor,Synthetic
U0266,45-54,Student,South,Google Search; YouTube; Gmail; Google Maps; Google Chrome; Google Drive; Google Photos; Google Meet; Google Docs,Gmail,Monthly,4,Limited internet/device,Synthetic
U0267,18-24,IT Professional,North,Google Search; YouTube; Gmail; Google Maps; Google Chrome; Google Drive; Google Meet; Google Pay,Gmail,Monthly,3,Difficult to use,Synthetic
U0268,45-54,Student,South,Google Search; Gmail; Google Chrome; Google Photos; Google Meet,Google Meet,Daily,5,Difficult to use,Synthetic
U0269,25-34,IT Professional,West,Google Search; YouTube; Gmail; Google Maps; Google Chrome; Google Photos; Google Pay,Google Chrome,Monthly,3,Don't need it,Synthetic
U0270,35-44,IT Professional,South,Google Search; YouTube; Gmail; Google Maps; Google Chrome; Google Drive; Google Photos; Google Meet; Google Pay,Google Photos,Weekly,4,Prefer competitor,Synthetic
U0271,35-44,Business Owner,West,Google Search; YouTube; Gmail; Google Maps; Google Chrome; Google Drive; Google Photos; Google Meet; Google Docs; Google Pay,Google Drive,Monthly,3,No reason / Uses products,Synthetic
U0272,18-24,IT Professional,North,Google Search; YouTube; Gmail; Google Maps; Google Chrome; Google Drive; Google Photos; Google Meet; Google Pay,Google Search,Weekly,4,Difficult to use,Synthetic
U0273,25-34,Healthcare Professional,South,Google Search; Gmail; Google Maps; Google Chrome; Google Drive; Google Photos; Google Meet; Google Pay,Gmail,Daily,5,Prefer competitor,Synthetic
U0274,35-44,Teacher,West,Google Search; YouTube; Gmail; Google Maps; Google Chrome; Google Photos; Google Meet; Google Docs; Google Pay,Google Pay,Monthly,4,Don't need it,Synthetic
U0275,35-44,Business Owner,Central,YouTube; Gmail; Google Chrome; Google Drive; Google Meet; Google Docs; Google Pay,Google Meet,Daily,4,Don't need it,Synthetic
U0276,45-54,Student,East,Google Search; Gmail; Google Chrome; Google Drive; Google Photos; Google Docs; Google Pay,Google Drive,Daily,3,Not aware of product,Synthetic
U0277,35-44,Business Owner,North,Google Search; YouTube; Gmail; Google Maps; Google Chrome; Google Drive; Google Photos; Google Meet; Google Docs,Google Meet,Weekly,5,Prefer competitor,Synthetic
U0278,35-44,Student,West,Google Search; YouTube; Gmail; Google Chrome; Google Photos; Google Docs; Google Pay,Google Photos,Weekly,5,Privacy concerns,Synthetic
U0279,18-24,Teacher,Central,Google Search; YouTube; Gmail; Google Maps; Google Chrome; Google Drive; Google Photos; Google Pay,YouTube,Daily,4,Prefer competitor,Synthetic
U0280,55+,Healthcare Professional,South,Google Search; YouTube; Google Maps; Google Chrome; Google Photos; Google Docs,Google Search,Weekly,5,Don't need it,Synthetic
U0281,18-24,Healthcare Professional,East,Google Search; YouTube; Gmail; Google Maps; Google Chrome; Google Docs,Google Chrome,Monthly,3,Prefer competitor,Synthetic
U0282,18-24,Business Owner,South,Google Search; YouTube; Gmail; Google Chrome; Google Photos; Google Docs,Google Photos,Daily,1,Don't need it,Synthetic
U0283,55+,IT Professional,South,Google Search; YouTube; Gmail; Google Chrome; Google Drive; Google Photos; Google Docs; Google Pay,Google Photos,Weekly,4,Don't need it,Synthetic
U0284,25-34,Healthcare Professional,Central,Google Search; YouTube; Gmail; Google Maps; Google Chrome; Google Photos; Google Docs,Google Chrome,Monthly,4,Prefer competitor,Synthetic
U0285,18-24,IT Professional,North,Google Search; Google Maps; Google Chrome; Google Drive; Google Photos; Google Pay,Google Drive,Daily,4,Don't need it,Synthetic
U0286,25-34,Teacher,North,Google Search; Gmail; Google Maps; Google Chrome; Google Drive; Google Photos; Google Docs; Google Pay,Google Docs,Weekly,5,Privacy concerns,Synthetic
U0287,35-44,Student,East,Google Search; YouTube; Gmail; Google Maps; Google Chrome; Google Meet; Google Pay,YouTube,Daily,1,Don't need it,Synthetic
U0288,18-24,Healthcare Professional,South,Google Search; YouTube; Gmail; Google Maps; Google Chrome; Google Drive; Google Photos; Google Docs; Google Pay,Google Drive,Monthly,5,Not aware of product,Synthetic
U0289,25-34,Healthcare Professional,South,Google Search; Gmail; Google Maps; Google Chrome; Google Meet; Google Docs; Google Pay,Gmail,Daily,5,Don't need it,Synthetic
U0290,18-24,Other,South,Google Search; YouTube; Google Maps; Google Chrome,Google Chrome,Weekly,4,Difficult to use,Synthetic
U0291,55+,Teacher,East,Google Search; YouTube; Gmail; Google Maps; Google Chrome; Google Drive; Google Photos; Google Docs; Google Pay,Gmail,Daily,4,Prefer competitor,Synthetic
U0292,18-24,Other,Central,Google Search; YouTube; Gmail; Google Maps; Google Drive; Google Meet; Google Pay,Google Meet,Daily,5,Not aware of product,Synthetic
U0293,25-34,IT Professional,East,Google Search; YouTube; Gmail; Google Chrome; Google Drive,Google Chrome,Daily,3,Don't need it,Synthetic
U0294,55+,Business Owner,East,Google Search; YouTube; Gmail; Google Maps; Google Chrome; Google Drive; Google Photos; Google Meet; Google Docs; Google Pay,Google Docs,Weekly,1,No reason / Uses products,Synthetic
U0295,35-44,IT Professional,North,Google Search; YouTube; Gmail; Google Maps; Google Chrome; Google Drive; Google Photos; Google Docs; Google Pay,Google Docs,Daily,5,Prefer competitor,Synthetic
U0296,55+,Student,West,Google Search; YouTube; Gmail; Google Maps; Google Chrome; Google Drive; Google Meet; Google Docs,Google Meet,Daily,4,Don't need it,Synthetic
U0297,25-34,Student,South,Google Search; YouTube; Google Maps; Google Chrome; Google Photos; Google Pay,Google Search,Weekly,4,Privacy concerns,Synthetic
U0298,35-44,IT Professional,South,Google Search; YouTube; Gmail; Google Chrome; Google Docs; Google Pay,YouTube,Daily,4,Don't need it,Synthetic
U0299,25-34,Business Owner,East,Google Search; YouTube; Gmail; Google Maps; Google Chrome; Google Drive; Google Photos; Google Meet; Google Pay,YouTube,Daily,4,Difficult to use,Synthetic
U0300,25-34,Teacher,South,Google Search; YouTube; Gmail; Google Maps; Google Chrome; Google Photos; Google Pay,Google Maps,Weekly,5,Don't need it,Synthetic
U0301,35-44,Healthcare Professional,South,Google Search; Gmail; Google Maps; Google Chrome; Google Drive; Google Docs; Google Pay,Google Maps,Daily,5,Prefer competitor,Synthetic
U0302,35-44,Healthcare Professional,North,Google Search; YouTube; Gmail; Google Maps; Google Chrome; Google Drive; Google Photos; Google Meet; Google Docs; Google Pay,Google Meet,Monthly,5,No reason / Uses products,Synthetic
U0303,18-24,Student,West,Google Search; YouTube; Gmail; Google Chrome; Google Meet; Google Docs; Google Pay,YouTube,Daily,4,Limited internet/device,Synthetic
U0304,35-44,Other,West,Google Search; YouTube; Gmail; Google Maps; Google Chrome; Google Drive; Google Photos; Google Meet; Google Pay,Google Maps,Daily,5,Don't need it,Synthetic
U0305,25-34,Healthcare Professional,West,Google Search; YouTube; Gmail; Google Chrome; Google Drive; Google Pay,YouTube,Monthly,1,Don't need it,Synthetic
U0306,35-44,IT Professional,North,YouTube; Gmail; Google Maps; Google Chrome; Google Drive; Google Photos; Google Meet; Google Pay,Google Maps,Daily,5,Don't need it,Synthetic
U0307,55+,IT Professional,West,Google Search; YouTube; Gmail; Google Maps; Google Chrome; Google Photos; Google Meet; Google Docs; Google Pay,Gmail,Daily,4,Prefer competitor,Synthetic
U0308,18-24,Student,South,Google Search; YouTube; Google Drive; Google Meet; Google Pay,Google Drive,Daily,3,Prefer competitor,Synthetic
U0309,18-24,IT Professional,North,Google Search; YouTube; Gmail; Google Maps; Google Chrome; Google Drive; Google Photos; Google Meet,Google Maps,Monthly,4,Not aware of product,Synthetic
U0310,18-24,Business Owner,Central,Google Search; YouTube; Gmail; Google Maps; Google Chrome; Google Photos; Google Pay,YouTube,Weekly,4,Not aware of product,Synthetic
U0311,25-34,IT Professional,East,Google Search; YouTube; Gmail; Google Maps; Google Photos; Google Meet; Google Docs,Google Photos,Daily,3,Privacy concerns,Synthetic
U0312,25-34,Business Owner,North,Google Search; YouTube; Gmail; Google Chrome; Google Drive; Google Meet; Google Pay,Google Meet,Daily,4,Don't need it,Synthetic
U0313,35-44,Student,South,Google Search; YouTube; Gmail; Google Drive; Google Photos; Google Meet; Google Docs; Google Pay,YouTube,Daily,5,Not aware of product,Synthetic
U0314,35-44,Other,South,Google Search; YouTube; Google Maps; Google Drive; Google Photos; Google Docs; Google Pay,Google Photos,Daily,4,Difficult to use,Synthetic
U0315,18-24,IT Professional,South,Google Search; YouTube; Google Chrome; Google Drive; Google Photos; Google Meet; Google Pay,Google Chrome,Daily,4,Prefer competitor,Synthetic
U0316,35-44,Business Owner,North,Google Search; Gmail; Google Maps; Google Photos; Google Pay,Google Photos,Daily,5,Not aware of product,Synthetic
U0317,45-54,Other,South,Google Search; YouTube; Gmail; Google Chrome; Google Drive; Google Photos; Google Docs; Google Pay,Google Search,Weekly,5,Prefer competitor,Synthetic
U0318,18-24,Student,South,Google Search; YouTube; Gmail; Google Maps; Google Chrome; Google Photos; Google Docs; Google Pay,Google Chrome,Daily,3,Don't need it,Synthetic
U0319,35-44,IT Professional,North,Google Search; YouTube; Gmail; Google Maps; Google Chrome; Google Drive; Google Photos; Google Meet; Google Pay,Gmail,Weekly,1,Privacy concerns,Synthetic
U0320,45-54,IT Professional,East,Google Search; YouTube; Google Chrome; Google Drive; Google Docs; Google Pay,Google Pay,Weekly,3,Don't need it,Synthetic
U0321,18-24,Other,West,Google Search; YouTube; Gmail; Google Maps; Google Chrome; Google Photos; Google Meet; Google Docs; Google Pay,YouTube,Daily,5,Limited internet/device,Synthetic
U0322,18-24,Business Owner,Central,Google Search; YouTube; Google Maps; Google Chrome; Google Photos; Google Meet; Google Docs; Google Pay,Google Chrome,Weekly,3,Difficult to use,Synthetic
U0323,55+,Student,Central,Google Search; YouTube; Gmail; Google Maps; Google Chrome; Google Drive; Google Photos; Google Meet; Google Docs; Google Pay,Gmail,Daily,4,No reason / Uses products,Synthetic
U0324,35-44,Student,South,Google Search; YouTube; Gmail; Google Maps; Google Chrome; Google Drive; Google Photos; Google Docs; Google Pay,Google Search,Daily,3,Prefer competitor,Synthetic
U0325,18-24,IT Professional,West,Google Search; YouTube; Gmail; Google Chrome; Google Drive; Google Docs; Google Pay,Gmail,Daily,5,Prefer competitor,Synthetic
U0326,55+,Other,South,Google Search; YouTube; Google Maps; Google Chrome; Google Drive; Google Meet; Google Pay,Google Chrome,Monthly,3,Privacy concerns,Synthetic
U0327,18-24,Other,West,Google Search; YouTube; Gmail; Google Maps; Google Chrome; Google Meet; Google Docs,Gmail,Daily,4,Prefer competitor,Synthetic
U0328,25-34,Teacher,North,Google Search; YouTube; Google Maps; Google Chrome; Google Drive; Google Meet; Google Docs; Google Pay,Google Docs,Daily,5,Prefer competitor,Synthetic
U0329,35-44,Student,West,Google Search; YouTube; Gmail; Google Maps; Google Photos; Google Meet; Google Docs; Google Pay,Gmail,Daily,4,Privacy concerns,Synthetic
U0330,45-54,Healthcare Professional,South,Google Search; YouTube; Gmail; Google Maps; Google Chrome; Google Drive; Google Photos; Google Pay,Google Photos,Monthly,5,Limited internet/device,Synthetic
U0331,45-54,Healthcare Professional,North,Google Search; YouTube; Gmail; Google Maps; Google Chrome; Google Drive; Google Photos; Google Meet; Google Docs; Google Pay,Google Photos,Daily,4,No reason / Uses products,Synthetic
U0332,35-44,IT Professional,North,Google Search; YouTube; Google Maps; Google Chrome; Google Drive; Google Photos; Google Docs; Google Pay,Google Photos,Weekly,3,Privacy concerns,Synthetic
U0333,35-44,Teacher,North,Google Search; YouTube; Gmail; Google Maps; Google Chrome; Google Drive; Google Photos; Google Docs; Google Pay,YouTube,Daily,3,Don't need it,Synthetic
U0334,25-34,IT Professional,West,Google Search; Gmail; Google Maps; Google Chrome; Google Drive; Google Photos; Google Docs; Google Pay,Google Docs,Daily,4,Difficult to use,Synthetic
U0335,25-34,Healthcare Professional,West,Google Search; YouTube; Gmail; Google Maps; Google Chrome; Google Photos; Google Meet; Google Pay,YouTube,Daily,3,Don't need it,Synthetic
U0336,18-24,Student,North,Google Search; YouTube; Gmail; Google Maps; Google Chrome; Google Docs; Google Pay,Google Docs,Weekly,4,Prefer competitor,Synthetic
U0337,25-34,IT Professional,Central,Google Search; YouTube; Gmail; Google Maps; Google Drive; Google Photos; Google Meet; Google Pay,Google Photos,Daily,2,Don't need it,Synthetic
U0338,35-44,Student,North,Google Search; YouTube; Google Chrome; Google Meet; Google Pay,Google Search,Weekly,3,Don't need it,Synthetic
U0339,18-24,Student,Central,Google Search; YouTube; Gmail; Google Chrome; Google Drive; Google Photos; Google Meet; Google Pay,Google Pay,Weekly,3,Don't need it,Synthetic
U0340,55+,IT Professional,North,Google Search; YouTube; Gmail; Google Chrome; Google Drive; Google Docs; Google Pay,Google Chrome,Daily,5,Not aware of product,Synthetic
U0341,18-24,IT Professional,North,Google Search; YouTube; Google Chrome; Google Drive; Google Photos; Google Pay,YouTube,Daily,4,Privacy concerns,Synthetic
U0342,35-44,IT Professional,Central,Google Search; YouTube; Gmail; Google Maps; Google Drive; Google Docs; Google Pay,Google Drive,Monthly,3,Prefer competitor,Synthetic
U0343,35-44,IT Professional,Central,Google Search; YouTube; Gmail; Google Maps; Google Chrome; Google Drive; Google Meet; Google Docs; Google Pay,YouTube,Monthly,5,Prefer competitor,Synthetic
U0344,45-54,IT Professional,South,Google Search; YouTube; Google Maps; Google Chrome; Google Drive; Google Photos; Google Docs; Google Pay,Google Chrome,Daily,4,Prefer competitor,Synthetic
U0345,18-24,Student,South,Google Search; YouTube; Gmail; Google Maps; Google Chrome; Google Drive; Google Photos; Google Pay,Google Search,Daily,3,Prefer competitor,Synthetic
U0346,18-24,Student,North,Google Search; YouTube; Gmail; Google Maps; Google Chrome; Google Drive; Google Photos; Google Meet; Google Docs; Google Pay,Google Pay,Weekly,3,No reason / Uses products,Synthetic
U0347,35-44,Student,West,Google Search; YouTube; Gmail; Google Maps; Google Chrome; Google Drive; Google Pay,Google Chrome,Daily,4,Don't need it,Synthetic
U0348,45-54,Student,North,Google Search; YouTube; Gmail; Google Chrome; Google Drive; Google Photos; Google Meet,Gmail,Daily,4,Prefer competitor,Synthetic
U0349,18-24,Other,South,Google Search; Gmail; Google Maps; Google Chrome; Google Meet; Google Pay,Google Meet,Monthly,3,Prefer competitor,Synthetic
U0350,18-24,Student,West,Google Search; YouTube; Gmail; Google Chrome; Google Drive; Google Photos; Google Pay,Google Drive,Daily,4,Not aware of product,Synthetic
U0351,35-44,Student,South,Google Search; YouTube; Gmail; Google Chrome; Google Photos; Google Meet; Google Pay,Gmail,Daily,5,Don't need it,Synthetic
U0352,35-44,Business Owner,Central,Google Search; YouTube; Gmail; Google Maps; Google Chrome; Google Drive; Google Photos; Google Docs; Google Pay,Google Docs,Monthly,5,Prefer competitor,Synthetic
U0353,35-44,Business Owner,South,Google Search; YouTube; Google Maps; Google Chrome; Google Drive; Google Photos; Google Pay,Google Drive,Weekly,3,Privacy concerns,Synthetic
U0354,25-34,Student,South,Google Search; YouTube; Gmail; Google Maps; Google Drive; Google Photos; Google Meet; Google Docs; Google Pay,Google Meet,Daily,4,Prefer competitor,Synthetic
U0355,18-24,Healthcare Professional,Central,Google Search; YouTube; Gmail; Google Maps; Google Chrome; Google Drive; Google Photos; Google Docs; Google Pay,Gmail,Weekly,5,Don't need it,Synthetic
U0356,18-24,Other,East,Google Search; YouTube; Gmail; Google Maps; Google Chrome; Google Meet; Google Docs; Google Pay,Gmail,Weekly,4,Don't need it,Synthetic
U0357,18-24,Other,North,Google Search; YouTube; Gmail; Google Maps; Google Chrome; Google Drive; Google Meet; Google Docs; Google Pay,Google Docs,Daily,5,Not aware of product,Synthetic
U0358,18-24,Student,South,Google Search; YouTube; Gmail; Google Drive; Google Photos; Google Meet,YouTube,Monthly,4,Not aware of product,Synthetic
U0359,18-24,Student,East,Google Search; YouTube; Gmail; Google Maps; Google Chrome; Google Drive; Google Photos; Google Meet; Google Docs; Google Pay,Google Meet,Daily,3,No reason / Uses products,Synthetic
U0360,35-44,Student,East,Google Search; YouTube; Google Maps; Google Chrome; Google Drive; Google Meet; Google Docs,Google Chrome,Daily,3,Prefer competitor,Synthetic
U0361,25-34,Other,West,Google Search; YouTube; Gmail; Google Maps; Google Chrome; Google Drive; Google Meet; Google Pay,Google Search,Weekly,4,Difficult to use,Synthetic
U0362,18-24,Business Owner,North,Google Search; YouTube; Gmail; Google Maps; Google Chrome; Google Drive; Google Photos; Google Docs; Google Pay,Google Search,Daily,4,Don't need it,Synthetic
U0363,18-24,IT Professional,West,Google Search; YouTube; Gmail; Google Maps; Google Chrome; Google Drive; Google Meet; Google Pay,YouTube,Weekly,2,Prefer competitor,Synthetic
U0364,18-24,Teacher,West,Google Search; YouTube; Gmail; Google Maps; Google Chrome; Google Drive; Google Photos; Google Pay,Google Chrome,Monthly,4,Limited internet/device,Synthetic
U0365,25-34,IT Professional,West,Google Search; YouTube; Gmail; Google Chrome; Google Drive; Google Photos; Google Meet; Google Pay,Gmail,Daily,4,Don't need it,Synthetic
U0366,55+,Teacher,North,Google Search; YouTube; Gmail; Google Maps; Google Chrome; Google Photos; Google Meet; Google Docs; Google Pay,Google Maps,Daily,3,Don't need it,Synthetic
U0367,18-24,Teacher,North,Google Search; YouTube; Gmail; Google Maps; Google Chrome; Google Meet; Google Docs,YouTube,Weekly,4,Not aware of product,Synthetic
U0368,18-24,Other,North,Google Search; YouTube; Gmail; Google Maps; Google Photos; Google Pay,YouTube,Daily,4,Prefer competitor,Synthetic
U0369,35-44,IT Professional,North,Google Search; YouTube; Gmail; Google Chrome; Google Photos; Google Pay,Google Photos,Daily,2,Prefer competitor,Synthetic
U0370,18-24,IT Professional,Central,Google Search; YouTube; Gmail; Google Maps; Google Chrome; Google Meet; Google Docs; Google Pay,Gmail,Monthly,3,Not aware of product,Synthetic
U0371,18-24,Teacher,East,Google Search; YouTube; Gmail; Google Chrome; Google Drive; Google Meet,Google Chrome,Daily,4,Limited internet/device,Synthetic
U0372,18-24,Student,North,Google Search; YouTube; Gmail; Google Maps; Google Chrome; Google Drive; Google Photos; Google Meet; Google Docs; Google Pay,Google Search,Daily,3,No reason / Uses products,Synthetic
U0373,25-34,Student,North,Google Search; YouTube; Gmail; Google Maps; Google Chrome; Google Drive; Google Meet; Google Pay,YouTube,Weekly,3,Prefer competitor,Synthetic
U0374,35-44,IT Professional,Central,Google Search; YouTube; Google Maps; Google Chrome; Google Drive; Google Photos; Google Meet; Google Docs; Google Pay,Google Chrome,Weekly,5,Prefer competitor,Synthetic
U0375,25-34,IT Professional,North,Google Search; YouTube; Gmail; Google Maps; Google Chrome; Google Drive; Google Photos; Google Pay,Google Photos,Daily,1,Don't need it,Synthetic
U0376,25-34,Other,North,Google Search; YouTube; Gmail; Google Maps; Google Chrome; Google Drive; Google Meet; Google Docs; Google Pay,Google Pay,Weekly,2,Don't need it,Synthetic
U0377,18-24,IT Professional,North,Google Search; YouTube; Gmail; Google Maps; Google Chrome; Google Drive; Google Photos; Google Docs,Gmail,Weekly,2,Difficult to use,Synthetic
U0378,18-24,Other,Central,Google Search; YouTube; Gmail; Google Photos; Google Pay,Google Pay,Daily,5,Not aware of product,Synthetic
U0379,18-24,Business Owner,Central,Google Search; Gmail; Google Maps; Google Chrome; Google Photos; Google Pay,Google Pay,Weekly,4,Privacy concerns,Synthetic
U0380,25-34,IT Professional,West,Google Search; YouTube; Gmail; Google Maps; Google Chrome; Google Photos; Google Meet; Google Pay,Google Search,Daily,3,Don't need it,Synthetic
U0381,18-24,Student,West,Google Search; YouTube; Gmail; Google Maps; Google Chrome; Google Drive; Google Photos; Google Pay,Google Search,Weekly,4,Don't need it,Synthetic
U0382,18-24,Teacher,North,Google Search; YouTube; Gmail; Google Maps; Google Chrome; Google Drive; Google Meet; Google Docs; Google Pay,Google Docs,Daily,4,Prefer competitor,Synthetic
U0383,25-34,Student,East,Google Search; Gmail; Google Maps; Google Drive; Google Photos; Google Meet; Google Docs; Google Pay,Google Photos,Daily,5,Not aware of product,Synthetic
U0384,25-34,Student,Central,Google Search; YouTube; Gmail; Google Maps; Google Chrome; Google Photos; Google Docs; Google Pay,Google Chrome,Daily,1,Prefer competitor,Synthetic
U0385,25-34,Business Owner,East,Google Search; YouTube; Gmail; Google Maps; Google Chrome; Google Docs; Google Pay,Google Pay,Monthly,4,Don't need it,Synthetic
U0386,35-44,Business Owner,Central,Google Search; YouTube; Gmail; Google Maps; Google Chrome; Google Photos; Google Meet; Google Docs; Google Pay,Google Meet,Daily,4,Difficult to use,Synthetic
U0387,35-44,IT Professional,Central,Google Search; YouTube; Gmail; Google Maps; Google Chrome; Google Meet,Gmail,Daily,4,Prefer competitor,Synthetic
U0388,25-34,Business Owner,South,Google Search; YouTube; Gmail; Google Maps; Google Chrome; Google Photos; Google Meet; Google Pay,Google Search,Daily,4,Privacy concerns,Synthetic
U0389,55+,IT Professional,South,Google Search; YouTube; Gmail; Google Maps; Google Chrome; Google Drive; Google Photos; Google Pay,Google Maps,Weekly,5,Don't need it,Synthetic
U0390,18-24,Other,West,Google Search; YouTube; Gmail; Google Maps; Google Chrome; Google Photos,Gmail,Daily,4,Prefer competitor,Synthetic
U0391,18-24,IT Professional,Central,Google Search; YouTube; Gmail; Google Maps; Google Chrome; Google Drive; Google Photos; Google Docs; Google Pay,Google Pay,Daily,4,Limited internet/device,Synthetic
U0392,25-34,Other,West,Google Search; YouTube; Gmail; Google Maps; Google Chrome; Google Drive; Google Meet; Google Pay,Gmail,Daily,3,Privacy concerns,Synthetic
U0393,35-44,Other,North,Google Search; YouTube; Gmail; Google Maps; Google Chrome; Google Photos; Google Docs,YouTube,Daily,3,Prefer competitor,Synthetic
U0394,18-24,Other,Central,Google Search; YouTube; Gmail; Google Maps; Google Drive; Google Photos; Google Meet; Google Pay,Google Search,Daily,3,Don't need it,Synthetic
U0395,18-24,IT Professional,East,Google Search; YouTube; Gmail; Google Maps; Google Chrome; Google Meet; Google Docs; Google Pay,Google Docs,Weekly,3,Privacy concerns,Synthetic
U0396,18-24,Business Owner,South,Google Search; YouTube; Gmail; Google Maps; Google Chrome; Google Meet; Google Docs,Gmail,Monthly,5,Not aware of product,Synthetic
U0397,18-24,Business Owner,South,Google Search; YouTube; Gmail; Google Maps; Google Chrome; Google Drive; Google Photos; Google Pay,Google Drive,Daily,5,Difficult to use,Synthetic
U0398,25-34,Business Owner,Central,Google Search; YouTube; Gmail; Google Maps; Google Chrome; Google Meet; Google Docs; Google Pay,Google Chrome,Daily,3,Not aware of product,Synthetic
U0399,18-24,IT Professional,East,Google Search; YouTube; Gmail; Google Maps; Google Chrome; Google Photos; Google Pay,Google Pay,Daily,5,Don't need it,Synthetic
U0400,45-54,Other,North,Google Search; YouTube; Gmail; Google Maps; Google Chrome; Google Drive; Google Photos; Google Docs; Google Pay,Google Maps,Weekly,3,Difficult to use,Synthetic
U0401,25-34,Student,South,Google Search; YouTube; Gmail; Google Maps; Google Chrome; Google Drive; Google Meet; Google Docs,Google Chrome,Weekly,5,Privacy concerns,Synthetic
U0402,18-24,Teacher,North,Google Search; YouTube; Gmail; Google Maps; Google Chrome; Google Drive; Google Docs; Google Pay,Google Pay,Daily,5,Privacy concerns,Synthetic
U0403,18-24,IT Professional,East,Google Search; YouTube; Gmail; Google Maps; Google Chrome; Google Photos; Google Meet; Google Docs; Google Pay,Gmail,Daily,4,Don't need it,Synthetic
U0404,18-24,Student,North,Google Search; YouTube; Google Chrome; Google Drive; Google Photos; Google Meet; Google Docs; Google Pay,YouTube,Weekly,5,Don't need it,Synthetic
U0405,18-24,IT Professional,South,Google Search; YouTube; Gmail; Google Chrome; Google Drive; Google Photos; Google Meet; Google Docs,Google Photos,Daily,1,Prefer competitor,Synthetic
U0406,25-34,Student,West,Google Search; YouTube; Google Maps; Google Chrome,YouTube,Weekly,2,Limited internet/device,Synthetic
U0407,25-34,IT Professional,East,Google Search; YouTube; Gmail; Google Maps; Google Chrome; Google Drive; Google Meet; Google Docs; Google Pay,Google Drive,Daily,5,Don't need it,Synthetic
U0408,25-34,IT Professional,East,Google Search; YouTube; Gmail; Google Chrome; Google Drive; Google Meet; Google Docs; Google Pay,YouTube,Daily,4,Don't need it,Synthetic
U0409,25-34,IT Professional,West,Google Search; Gmail; Google Chrome; Google Photos; Google Meet; Google Docs; Google Pay,Google Search,Daily,5,Prefer competitor,Synthetic
U0410,18-24,Student,East,Google Search; YouTube; Gmail; Google Chrome; Google Meet; Google Docs; Google Pay,Google Pay,Daily,5,Don't need it,Synthetic
U0411,18-24,Student,Central,Google Search; YouTube; Gmail; Google Maps; Google Photos; Google Docs; Google Pay,Google Maps,Monthly,4,Privacy concerns,Synthetic
U0412,25-34,IT Professional,Central,Google Search; YouTube; Gmail; Google Maps; Google Chrome; Google Drive; Google Photos; Google Pay,Google Drive,Daily,4,Don't need it,Synthetic
U0413,25-34,Student,South,Google Search; YouTube; Gmail; Google Maps; Google Chrome; Google Drive; Google Photos; Google Pay,Google Drive,Weekly,5,Prefer competitor,Synthetic
U0414,18-24,Teacher,South,Google Search; YouTube; Gmail; Google Maps; Google Chrome; Google Drive; Google Photos; Google Meet; Google Docs; Google Pay,Google Drive,Weekly,3,No reason / Uses products,Synthetic
U0415,35-44,Student,South,Google Search; Google Maps; Google Chrome; Google Drive; Google Photos; Google Meet,Google Meet,Daily,5,Privacy concerns,Synthetic
U0416,18-24,IT Professional,South,Google Search; YouTube; Gmail; Google Maps; Google Chrome; Google Drive; Google Photos; Google Pay,Google Chrome,Daily,2,Difficult to use,Synthetic
U0417,25-34,IT Professional,West,Google Search; YouTube; Gmail; Google Chrome; Google Drive; Google Docs; Google Pay,Google Chrome,Daily,4,Not aware of product,Synthetic
U0418,18-24,Student,South,Google Search; Gmail; Google Maps; Google Chrome; Google Drive; Google Photos; Google Pay,Google Chrome,Daily,4,Difficult to use,Synthetic
U0419,18-24,Teacher,Central,Google Search; YouTube; Google Maps; Google Chrome; Google Photos; Google Meet; Google Docs; Google Pay,Google Search,Daily,4,Limited internet/device,Synthetic
U0420,25-34,IT Professional,North,Google Search; YouTube; Gmail; Google Maps; Google Chrome; Google Drive; Google Photos; Google Meet; Google Docs; Google Pay,Google Docs,Daily,3,No reason / Uses products,Synthetic
U0421,35-44,IT Professional,West,Google Search; YouTube; Gmail; Google Chrome; Google Photos; Google Pay,Gmail,Daily,5,Don't need it,Synthetic
U0422,35-44,Other,South,Google Search; YouTube; Gmail; Google Chrome; Google Drive; Google Photos; Google Meet; Google Docs; Google Pay,Google Chrome,Daily,1,Prefer competitor,Synthetic
U0423,25-34,Teacher,North,Google Search; YouTube; Gmail; Google Chrome; Google Photos; Google Pay,Gmail,Weekly,4,Prefer competitor,Synthetic
U0424,18-24,Healthcare Professional,South,Google Search; YouTube; Gmail; Google Drive; Google Meet; Google Pay,Google Search,Daily,5,Don't need it,Synthetic
U0425,35-44,Student,North,Google Search; YouTube; Gmail; Google Chrome; Google Drive; Google Photos; Google Docs,YouTube,Daily,1,Prefer competitor,Synthetic
U0426,25-34,Business Owner,East,Google Search; YouTube; Gmail; Google Chrome; Google Drive; Google Photos; Google Docs,Google Chrome,Daily,4,Don't need it,Synthetic
U0427,35-44,IT Professional,West,Google Search; YouTube; Gmail; Google Maps; Google Chrome; Google Drive; Google Photos; Google Meet; Google Docs,Google Search,Daily,4,Don't need it,Synthetic
U0428,45-54,Student,South,Google Search; YouTube; Gmail; Google Chrome; Google Drive; Google Photos; Google Meet; Google Docs,Google Meet,Weekly,3,Prefer competitor,Synthetic
U0429,35-44,Student,West,Google Search; YouTube; Gmail; Google Maps; Google Chrome; Google Photos; Google Pay,Google Search,Daily,3,Prefer competitor,Synthetic
U0430,55+,IT Professional,East,Google Search; YouTube; Gmail; Google Maps; Google Chrome; Google Drive; Google Photos; Google Meet; Google Pay,Google Maps,Daily,4,Not aware of product,Synthetic
U0431,45-54,IT Professional,North,Google Search; YouTube; Gmail; Google Maps; Google Chrome; Google Drive; Google Photos; Google Meet; Google Pay,Google Maps,Weekly,4,Not aware of product,Synthetic
U0432,35-44,Teacher,North,Google Search; YouTube; Gmail; Google Maps; Google Chrome; Google Photos; Google Docs; Google Pay,Google Maps,Weekly,4,Don't need it,Synthetic
U0433,18-24,Other,North,Google Search; YouTube; Gmail; Google Maps; Google Chrome; Google Drive; Google Photos; Google Docs,Google Search,Daily,5,Don't need it,Synthetic
U0434,18-24,Teacher,Central,Google Search; YouTube; Gmail; Google Maps; Google Chrome; Google Photos; Google Meet; Google Docs; Google Pay,Google Meet,Daily,3,Prefer competitor,Synthetic
U0435,25-34,Student,East,Google Search; YouTube; Google Drive; Google Photos; Google Meet,Google Search,Daily,4,Don't need it,Synthetic
U0436,25-34,Student,West,Google Search; YouTube; Gmail; Google Maps; Google Chrome; Google Drive; Google Pay,Google Maps,Daily,4,Prefer competitor,Synthetic
U0437,35-44,Healthcare Professional,North,Google Search; YouTube; Google Maps; Google Drive; Google Photos; Google Meet; Google Docs,Google Photos,Weekly,4,Privacy concerns,Synthetic
U0438,25-34,IT Professional,West,Google Search; YouTube; Gmail; Google Maps; Google Chrome; Google Drive; Google Photos; Google Meet; Google Docs; Google Pay,Google Search,Daily,2,No reason / Uses products,Synthetic
U0439,35-44,Business Owner,East,Google Search; YouTube; Gmail; Google Maps; Google Chrome; Google Drive; Google Photos; Google Pay,Google Pay,Daily,2,Not aware of product,Synthetic
U0440,25-34,Other,West,Google Search; Gmail; Google Maps; Google Chrome; Google Drive; Google Photos; Google Meet; Google Docs; Google Pay,Gmail,Weekly,2,Limited internet/device,Synthetic
U0441,25-34,IT Professional,South,Google Search; Gmail; Google Maps; Google Chrome; Google Photos; Google Meet; Google Docs; Google Pay,Google Meet,Weekly,5,Not aware of product,Synthetic
U0442,18-24,Student,East,Google Search; YouTube; Gmail; Google Maps; Google Meet; Google Pay,Google Maps,Daily,4,Don't need it,Synthetic
U0443,25-34,Student,East,Google Search; YouTube; Google Maps; Google Chrome; Google Drive; Google Photos; Google Meet,Google Drive,Weekly,4,Prefer competitor,Synthetic
U0444,18-24,Business Owner,South,Google Search; YouTube; Gmail; Google Chrome; Google Drive; Google Meet; Google Docs; Google Pay,Google Drive,Daily,2,Don't need it,Synthetic
U0445,25-34,Business Owner,North,Google Search; YouTube; Google Maps; Google Chrome; Google Drive; Google Photos; Google Docs; Google Pay,Google Pay,Daily,3,Don't need it,Synthetic
U0446,25-34,Teacher,West,Google Search; YouTube; Gmail; Google Maps; Google Chrome; Google Drive; Google Photos; Google Meet; Google Pay,Gmail,Monthly,3,Don't need it,Synthetic
U0447,25-34,IT Professional,South,Google Search; YouTube; Gmail; Google Maps; Google Chrome; Google Drive; Google Meet; Google Pay,Google Chrome,Daily,4,Don't need it,Synthetic
U0448,35-44,Student,Central,Google Search; YouTube; Gmail; Google Maps; Google Chrome; Google Photos; Google Docs; Google Pay,Google Chrome,Daily,2,Prefer competitor,Synthetic
U0449,25-34,IT Professional,West,Google Search; YouTube; Gmail; Google Maps; Google Chrome; Google Drive; Google Photos,Google Maps,Monthly,5,Prefer competitor,Synthetic
U0450,55+,Healthcare Professional,East,Google Search; YouTube; Gmail; Google Chrome; Google Meet; Google Docs; Google Pay,Google Pay,Weekly,4,Don't need it,Synthetic
U0451,35-44,Student,Central,Google Search; YouTube; Gmail; Google Maps; Google Chrome; Google Drive; Google Meet; Google Pay,Google Maps,Monthly,5,Not aware of product,Synthetic
U0452,18-24,Student,North,Google Search; YouTube; Google Chrome; Google Drive; Google Meet; Google Pay,Google Search,Daily,4,Not aware of product,Synthetic
U0453,45-54,Healthcare Professional,Central,Google Search; YouTube; Gmail; Google Chrome; Google Drive; Google Meet; Google Docs; Google Pay,Gmail,Monthly,5,Privacy concerns,Synthetic
U0454,35-44,Student,West,Google Search; YouTube; Gmail; Google Chrome; Google Drive; Google Photos; Google Meet; Google Docs,Google Drive,Daily,3,Prefer competitor,Synthetic
U0455,25-34,Other,North,Google Search; YouTube; Gmail; Google Chrome; Google Photos; Google Docs; Google Pay,Google Photos,Weekly,4,Prefer competitor,Synthetic
U0456,25-34,Healthcare Professional,North,Google Search; YouTube; Gmail; Google Maps; Google Chrome; Google Photos; Google Docs,Google Photos,Weekly,4,Don't need it,Synthetic
U0457,18-24,Other,East,Google Search; YouTube; Gmail; Google Maps; Google Chrome; Google Photos; Google Meet; Google Docs,Google Search,Daily,3,Privacy concerns,Synthetic
U0458,35-44,Other,North,YouTube; Gmail; Google Chrome; Google Photos; Google Pay,YouTube,Weekly,5,Difficult to use,Synthetic
U0459,35-44,Business Owner,South,Google Search; YouTube; Gmail; Google Maps; Google Chrome; Google Drive; Google Docs; Google Pay,Google Maps,Daily,4,Don't need it,Synthetic
U0460,25-34,Other,East,Google Search; YouTube; Gmail; Google Maps; Google Chrome; Google Photos; Google Meet; Google Docs; Google Pay,Google Meet,Daily,5,Limited internet/device,Synthetic
U0461,18-24,IT Professional,North,Google Search; YouTube; Gmail; Google Maps; Google Chrome; Google Photos,Google Search,Weekly,4,Not aware of product,Synthetic
U0462,25-34,Business Owner,North,Google Search; YouTube; Gmail; Google Maps; Google Chrome; Google Docs; Google Pay,Google Chrome,Daily,5,Limited internet/device,Synthetic
U0463,25-34,Other,East,Google Search; YouTube; Google Maps; Google Chrome; Google Drive; Google Meet; Google Docs; Google Pay,Google Chrome,Daily,5,Prefer competitor,Synthetic
U0464,45-54,Student,East,Google Search; YouTube; Gmail; Google Maps; Google Chrome; Google Drive; Google Pay,Google Maps,Weekly,4,Prefer competitor,Synthetic
U0465,25-34,Student,North,Google Search; YouTube; Gmail; Google Maps; Google Chrome; Google Drive; Google Meet; Google Pay,Google Maps,Monthly,1,Privacy concerns,Synthetic
U0466,45-54,Student,North,Google Search; Gmail; Google Maps; Google Chrome; Google Drive; Google Meet,Google Maps,Weekly,4,Prefer competitor,Synthetic
U0467,35-44,Student,West,YouTube; Gmail; Google Maps; Google Chrome; Google Photos; Google Meet,Google Meet,Daily,5,Prefer competitor,Synthetic
U0468,45-54,Other,North,Google Search; YouTube; Gmail; Google Maps; Google Chrome; Google Drive; Google Photos; Google Meet; Google Docs; Google Pay,Google Drive,Weekly,3,No reason / Uses products,Synthetic
U0469,18-24,IT Professional,North,Google Search; YouTube; Google Maps; Google Chrome; Google Drive; Google Meet; Google Pay,Google Maps,Weekly,4,Not aware of product,Synthetic
U0470,25-34,Student,Central,Google Search; Gmail; Google Maps; Google Chrome; Google Drive; Google Photos; Google Meet; Google Pay,Gmail,Daily,3,Prefer competitor,Synthetic
U0471,35-44,Healthcare Professional,South,Google Search; YouTube; Gmail; Google Maps; Google Chrome; Google Drive; Google Photos; Google Meet,Gmail,Weekly,5,Don't need it,Synthetic
U0472,35-44,Business Owner,West,Google Search; YouTube; Gmail; Google Maps; Google Chrome; Google Drive; Google Meet; Google Pay,Gmail,Weekly,4,Don't need it,Synthetic
U0473,45-54,Business Owner,South,Google Search; YouTube; Gmail; Google Maps; Google Chrome; Google Drive; Google Photos; Google Meet; Google Docs; Google Pay,Google Meet,Weekly,3,No reason / Uses products,Synthetic
U0474,25-34,IT Professional,West,Google Search; YouTube; Gmail; Google Maps; Google Chrome; Google Drive; Google Photos; Google Meet; Google Docs,Google Docs,Daily,5,Prefer competitor,Synthetic
U0475,55+,Other,East,Google Search; YouTube; Gmail; Google Maps; Google Chrome; Google Drive; Google Photos; Google Pay,Google Drive,Weekly,4,Limited internet/device,Synthetic
U0476,25-34,Business Owner,West,Google Search; YouTube; Gmail; Google Maps; Google Photos; Google Meet; Google Docs; Google Pay,Gmail,Daily,5,Prefer competitor,Synthetic
U0477,55+,Student,West,Google Search; YouTube; Google Maps; Google Chrome; Google Drive; Google Photos; Google Meet; Google Pay,Google Maps,Daily,3,Don't need it,Synthetic
U0478,55+,Student,South,Google Search; YouTube; Gmail; Google Maps; Google Chrome; Google Drive; Google Meet; Google Pay,Google Search,Daily,4,Don't need it,Synthetic
U0479,18-24,IT Professional,South,Google Search; YouTube; Gmail; Google Maps; Google Chrome; Google Drive; Google Docs,Google Docs,Daily,4,Privacy concerns,Synthetic
U0480,35-44,Other,Central,YouTube; Gmail; Google Maps; Google Chrome; Google Meet; Google Docs; Google Pay,Google Meet,Daily,5,Limited internet/device,Synthetic
U0481,25-34,Student,Central,Google Search; YouTube; Google Maps; Google Chrome; Google Photos; Google Meet; Google Pay,Google Chrome,Daily,4,Privacy concerns,Synthetic
U0482,18-24,Business Owner,North,Google Search; Gmail; Google Maps; Google Drive; Google Photos; Google Meet; Google Pay,Gmail,Weekly,2,Difficult to use,Synthetic
U0483,25-34,IT Professional,West,Google Search; YouTube; Gmail; Google Chrome; Google Drive; Google Photos; Google Pay,Google Pay,Daily,5,Prefer competitor,Synthetic
U0484,18-24,IT Professional,East,Google Search; YouTube; Gmail; Google Maps; Google Chrome; Google Photos; Google Docs,Google Search,Weekly,2,Prefer competitor,Synthetic
U0485,45-54,IT Professional,Central,YouTube; Gmail; Google Maps; Google Chrome; Google Drive; Google Meet; Google Pay,YouTube,Daily,4,Difficult to use,Synthetic
U0486,25-34,Teacher,South,Google Search; YouTube; Gmail; Google Chrome; Google Drive; Google Photos; Google Docs; Google Pay,Google Docs,Daily,4,Don't need it,Synthetic
U0487,25-34,IT Professional,West,Google Search; YouTube; Gmail; Google Maps; Google Chrome; Google Drive; Google Photos; Google Meet; Google Docs; Google Pay,Google Maps,Weekly,4,No reason / Uses products,Synthetic
U0488,25-34,IT Professional,West,Google Search; YouTube; Gmail; Google Maps; Google Chrome; Google Drive; Google Photos; Google Docs,Google Photos,Daily,5,Limited internet/device,Synthetic
U0489,25-34,Student,West,Google Search; YouTube; Gmail; Google Maps; Google Chrome; Google Drive; Google Photos; Google Pay,Gmail,Weekly,4,Privacy concerns,Synthetic
U0490,25-34,Teacher,Central,Google Search; Gmail; Google Maps; Google Chrome; Google Drive; Google Meet; Google Docs; Google Pay,Google Meet,Monthly,4,Not aware of product,Synthetic
U0491,18-24,IT Professional,Central,Google Search; YouTube; Gmail; Google Maps; Google Chrome; Google Drive; Google Meet; Google Docs,Google Meet,Daily,3,Not aware of product,Synthetic
U0492,18-24,Other,North,Google Search; YouTube; Google Maps; Google Chrome; Google Drive; Google Photos; Google Meet,Google Photos,Daily,2,Not aware of product,Synthetic
U0493,25-34,Student,West,Google Search; YouTube; Gmail; Google Maps; Google Chrome; Google Drive; Google Meet; Google Docs; Google Pay,Google Pay,Daily,3,Don't need it,Synthetic
U0494,55+,IT Professional,North,Google Search; YouTube; Gmail; Google Maps; Google Chrome; Google Drive; Google Photos; Google Meet; Google Pay,Google Meet,Daily,4,Prefer competitor,Synthetic
U0495,45-54,Student,South,Google Search; YouTube; Google Maps,YouTube,Daily,4,Prefer competitor,Synthetic
U0496,35-44,Healthcare Professional,North,Google Search; YouTube; Gmail; Google Maps; Google Chrome; Google Drive; Google Photos; Google Meet; Google Docs; Google Pay,Google Docs,Daily,3,No reason / Uses products,Synthetic
U0497,25-34,Student,Central,Google Search; YouTube; Gmail; Google Maps; Google Chrome; Google Photos; Google Docs; Google Pay,Gmail,Monthly,5,Difficult to use,Synthetic
U0498,55+,Student,East,Google Search; YouTube; Gmail; Google Chrome; Google Photos; Google Meet; Google Pay,Google Chrome,Daily,4,Not aware of product,Synthetic
U0499,25-34,Healthcare Professional,North,Google Search; YouTube; Gmail; Google Chrome; Google Drive; Google Photos; Google Meet; Google Pay,Google Pay,Monthly,5,Prefer competitor,Synthetic
U0500,25-34,Healthcare Professional,East,Google Search; YouTube; Gmail; Google Chrome; Google Drive; Google Photos; Google Pay,Google Photos,Daily,5,Privacy concerns,Synthetic
